Card#,Title,Artist,Year,URL,Hashed Info,Youtube-Title,ISRC
1,Hells Bells,AC/DC,1980,https://www.youtube.com/watch?v=etAIpkdhU9Q,a9020c0e177c06ffeffa6c5b07b5721b1619dc96a65bf2fc7b6162984b654c27,AC/DC - Hells Bells (Official 4K Video),AUAP08000041
2,Hard To Handle,The Black Crowes,1990,https://www.youtube.com/watch?v=BRcs_OzQb14,0e48509b7d072cccb1bf62e3197bc3c9eef2720a0f4389b8a50bc2d2b2c3439c,The Black Crowes - Hard To Handle,USSM19000343
3,Purple Rain,Prince,1984,https://www.youtube.com/watch?v=GaJcBJQi7bY,0d52376fb278e30bb477c3411271d7b09482663aa21e36cf475e275437f36991,"Prince & The Revolution - Purple Rain (Official Video), HD (Digitally Remastered and Upscaled)",USWB10001880
4,Wild Thing,The Troggs,1966,https://www.youtube.com/watch?v=-hB-zLPe3Bo,8cd282173413c198f0e9dc0cccd9bea62d58b0bb31837f679d57cf1c0ddf693b,The Troggs- Wild Thing (Official Video) HD,GBF086600001
5,Prey,Parkway Drive,2018,https://www.youtube.com/watch?v=WZPZ_-BxORo,000c384f11da6b3eaae1506e364cd2093f8d99031b60fee217fd507bb366ccaa,Parkway Drive: Prey (Radio Edit),USEP41712003
6,Feel Invincible,Skillet,2016,https://www.youtube.com/watch?v=nZYa7vjjPv0,c54ab15408d34e437c94df19469a4f0bbae4250c474630d203f5e148dc32fb7a,Skillet - Feel Invincible - 2016 - Lyric Video,USAT21601370
7,B.Y.O.B.,System Of A Down,2005,https://www.youtube.com/watch?v=zUzd9KyIDrM,caa4dc10cb088df0b42b69211cc5830114f2d94663dde9f52b6578564c7174d8,System Of A Down - B.Y.O.B. (Official HD Video),USSM10501327
8,Machinehead - Remastered,Bush,1994,https://www.youtube.com/watch?v=5WPbqYoz9HA,97615c8c001d4a96f9d3288ca1c6505befd3a39a652ea012bc7346ef3e588cc7,Bush - Machinehead,QM7YK1400021
9,Basket Case,Green Day,1994,https://www.youtube.com/watch?v=VKjEdYrx9P0,dafbd2691b68a08a606d6e4573a8da73a6c21d491c090ddbff2c0d863e5eb14e,Basket Case - Green Day,USRE19900151
10,Call Me,Blondie,1980,https://www.youtube.com/watch?v=StKVS0eI85I,9c026abf56434e00a8e27ce88b54f7f56262d5a48d9a3b8ee51bda1a792f7af8,Blondie - Call me,USCH38900008
11,Sweet Home Alabama,Lynyrd Skynyrd,1974,https://www.youtube.com/watch?v=-p8GXZcdrIk,9d441c7491c5516374e5629ba3ae328b2321a0946d9958af48c75afca31c2051,Lynyrd Skynyrd - Sweet Home Alabama (Lyric Video),USMC17446153
12,Fear of the Dark,Iron Maiden,1992,https://www.youtube.com/watch?v=p32b5nNq1zw,617303d21bb6d6c080f29c1e2ce5e552f6e1b204d9da3ed6a9cbf9a33fde764d,Iron Maiden - Fear of The Dark (HQ),GBCHB1800082
13,With Or Without You,U2,1985,https://www.youtube.com/watch?v=ujNeHIo7oTE,0b4b38f35fd86ad9faab7ec0dbd14265ce998044bbe56e4228e7c89073657f12,U2 - With Or Without You (Official Music Video),GBAAN8790003
14,Just Like Heaven,The Cure,1987,https://www.youtube.com/watch?v=n3nPiBai66M,f1ce3d7f5ee4b71be1aeeb858289a9178a97a37b348cf33c6e4f89f29f803cbf,The Cure - Just Like Heaven,GBALB8700003
15,Champagne Supernova,Oasis,1995,https://www.youtube.com/watch?v=tI-5uv4wryI,f73730d18006f648f4616658fc3fc822dd7e0741a5f2091e9093276e883da7ee,Oasis - Champagne Supernova (Official Video),GBAAW9500197
16,Psychosocial,Slipknot,2008,https://www.youtube.com/watch?v=MjsUzI_BtGk,d14b87d45b6636b481b043e631f378399e44eefa728a65bddf94896d94ca01db,SLIPKNOT - Psychosocial (Official Music Video),NLA320886993
17,(I Just) Died In Your Arms,Cutting Crew,1986,https://www.youtube.com/watch?v=6dOwHzCHfgA,dd01005aeb7d674a599ebed89b3dfe99e4a2e1c40a833f1988c479ce41ae63c8,Cutting Crew - (I Just) Died In Your Arms (Official Music Video),GBAAA8600046
18,Give It Away,Red Hot Chili Peppers,1991,https://www.youtube.com/watch?v=R1qnNknKLsg,b0c3a06e8b2edc1d63800580062f9371a7e6873cf3d69930f40c574312cd5933,Red Hot Chili Peppers - Give It Away (Official Music Video),USWB19901574
19,Bloody Valentine,MGK,2020,https://www.youtube.com/watch?v=wSdT-SArM2Q,e3d0eb6e85128c9b38c84edc74cf6353f2431cb25545dd7edacc0d50e510dbb6,Machine Gun Kelly - Bloody Valentine [Official Video],USUM72005714
20,My Generation,The Who,1965,https://www.youtube.com/watch?v=qN5zw04WxCc,69b6117128f782dabc613ae1f22f1cfaf1aa96010ffec8522850ddf72981b0c9,The Who - My Generation,GBAKW6500004
21,Panic,From Ashes to New,2020,https://www.youtube.com/watch?v=f0xn-M4T3AQ,d8a1f01f19be4a6afb3f916bd66a6c1747ff0e4e76cbea3b9136e48f79838589,From Ashes to New - Panic (Official Music Video),USDPK2000008
22,Highway Tune,Greta Van Fleet,2017,https://www.youtube.com/watch?v=aJg4OJxp-co,279ea529002f05ed319347a233643b75a0665b75de8a5254cadc2c92730c14f8,Greta Van Fleet - Highway Tune (Official Video),USUM71702892
23,Sunshine Of Your Love,Cream,1967,https://www.youtube.com/watch?v=mChxWMlsuzw,20b21659128e4e2c1253ac8a18a2cd41b2c1d6ae93d6106dd0c1da51deed754e,"CREAM Eric Clapton ""Sunshine Of Your Love"" LIVE! 1968 w Glen Campbell 50th Anniversary HD HQ",GBA076700020
24,Drop Dead Cynical,Amaranthe,2014,https://www.youtube.com/watch?v=RdyExxpd3Pg,026fa90abed5adf924c50b78c0ba6176278851343df5732c8c222095cec13710,Amaranthe - Drop Dead Cynical (Official Music Video),FIUM71400483
25,Semi-Charmed Life,Third Eye Blind,1997,https://www.youtube.com/watch?v=beINamVRGy4,9805305a9a76619f9a22f6ad0f5e44776ba85bf5bf840f8b5c0c77413dddd306,Third Eye Blind - Semi-Charmed Life (Official Music Video) [HD],USEE19701203
26,What's My Age Again?,blink-182,1999,https://www.youtube.com/watch?v=K7l5ZeVVoCA,4337446829110c0d948457914eaaebf558cd7faf6b0483afc18de7b7f3cfad6b,blink-182 - What's My Age Again? (Official Music Video),USMC19959007
27,Another Life,Motionless In White,2019,https://www.youtube.com/watch?v=uVysW4TWXS0,0fd8b97c8cf2ed850fbba2a29767204e4049056fb5cb2738c89585182c6688a3,Motionless In White - Another Life (Official Audio),NLA321900085
28,Round and Round,Ratt,1984,https://www.youtube.com/watch?v=0u8teXR8VE4,58f81a4a4a7df956a968dcc2d4d8e8a78898e8d64ffcba40483b86a4176f5375,RATT - Round And Round (Official Music Video),USAT29900560
29,My Curse,Killswitch Engage,2006,https://www.youtube.com/watch?v=F5S2ahSapQc,dfe56a285d5c82b5e3d4f2dc96e47b29d378fe3e840e8773a39d8ad35dc5536e,Killswitch Engage - My Curse (LYRICS),NLA320682675
30,My Sharona,The Knack,1979,https://www.youtube.com/watch?v=bbr60I0u2Ng,61108884b625e57efe6244b6fa0e0cd634fd02b229423c939eae86826559ccc0,The Knack - My Sharona,USCA28900153
31,Satellite,Rise Against,2011,https://www.youtube.com/watch?v=6nQCxwneUwA,733c6676ed81bcc198ade9f5922834fad50b462ab1c6111d8dd1ab2f7a7cb728,Rise Against - Satellite,USUM71101043
32,Stairway to Heaven - Remaster,Led Zeppelin,1971,https://www.youtube.com/watch?v=QkF3oxziUI4,9d86ec43ada421d0a3029ed5a022f204e29caa4fc76644591b5200e1febb5eb3,Led Zeppelin - Stairway To Heaven (Official Audio),USAT21300959
33,Owner of a Lonely Heart,Yes,1983,https://www.youtube.com/watch?v=SVOuYquXuuc,226b9914f676a16b8f53bbd50af8fbebdcdd154522eea34c72fa1f86b00813ec,YES - Owner of a Lonely Heart (Official Music Video),USAT20702539
34,Don't Bring Me Down,Electric Light Orchestra,1979,https://www.youtube.com/watch?v=z9nkzaOPP6g,6b538515fb02d01b055d8fb22ed5bf408ba04f801f000b358bdbd32957bd0700,Electric Light Orchestra - Don't Bring Me Down (Official Video),USSM10015734
35,Cherry Bomb,The Runaways,1976,https://www.youtube.com/watch?v=aNNp5GyzlKc,36e2cd39119db22901b6152c5a50a157f4bb48b86165ae4b703241268b7ed2f5,Dakota Fanning & Kristen Stewart - Cherry Bomb (Official Video),USIR20200576
36,Holy Diver,Dio,1983,https://www.youtube.com/watch?v=2lvs2FzF64o,909b8de6c23d2d8d52ae73bdb8a9634e2e0be5458d0a62f825e022112070f355,Dio - Holy Diver (Official Music Video) [HD],NLF050390016
37,November Rain,Guns N' Roses,1991,https://www.youtube.com/watch?v=8x23ajWSHyo,7ccd266a60fb6c96b57fb8954e232acccc2e46c2f602d14f7e3789bd39115906,Guns N' Roses - November Rain,USGF19141510
38,The Trooper,Iron Maiden,1983,https://www.youtube.com/watch?v=X4bgXH3sJ2Q,a14c4edaeccfdaeafa69f980a275541c9aaf041687e96a2ed581a284d39da165,Iron Maiden - The Trooper (Official Video),GBCHB1800032
39,Kickstart My Heart,Mötley Crüe,1989,https://www.youtube.com/watch?v=CmXWkMlKFkI,78f0749433aa9051501abc055e4f219b1536f9b94c4c70ef0f8bc10c79fceb68,Mötley Crüe - Kickstart My Heart (Official Music Video),USBY29900215
40,Masterpiece,Motionless In White,2022,https://www.youtube.com/watch?v=rbFaVDfkI00,5955b09e724f81295564080f56397bdb41b741fd60daddf9927742794777e233,Motionless In White - Masterpiece [Official Video],NLA322200040
41,Bulls On Parade,Rage Against The Machine,1996,https://www.youtube.com/watch?v=3L4YrGaR8E4,e312ca071f1ba8bf090731725d159ef3c51be6105939a91d31aac43cb746e99e,Rage Against The Machine - Bulls On Parade (Official HD Video),USSM19502563
42,Come As You Are,Nirvana,1991,https://www.youtube.com/watch?v=vabnZ9-ex7o,55a02ab5dde83d34c011fb57facc3cdf4adc3036397b3b8e60668fa5c65522d6,Nirvana - Come As You Are (Official Music Video),USGF19942503
43,Born in the U.S.A.,Bruce Springsteen,1984,https://www.youtube.com/watch?v=EPhWR4d3FJQ,81a2b857615b9cee1e9d66e7eeba573eed5186c9b80b746e9f9d40d2530696fa,Bruce Springsteen - Born in the U.S.A. (Official Video),USSM18400406
44,Fat Lip,Sum 41,2001,https://www.youtube.com/watch?v=CMX2lPum_pg,2df32784e50d386925e979dab7d6f5941d352cafc11222e2c00843ff08af3de6,Sum 41 - Fatlip,USIR20110124
45,Get It On,T. Rex,1971,https://www.youtube.com/watch?v=-noFy_x7Yhg,0655403272281065918a960acb8124f21a26106154ddd04148a5f7fa2c1691bf,T. Rex - Bang A Gong (Get It On) (Official Vinyl Video),GBCHM7100038
46,Misery Business,Paramore,2007,https://www.youtube.com/watch?v=dvHFVGvISSQ,0b4042dbec071086b3162e34f8fd5ca76101a25b6a200491b3c51e9c045c2452,Paramore - Misery Business (Official Music Video),USAT20702617
47,The Passenger,Iggy Pop,1977,https://www.youtube.com/watch?v=-fWw7FE9tTo,063943eb566a6decfae1241ab47cc6a529db1c86a27fcf501c414820ea62f6bd,Iggy Pop - The Passenger (Official Video),USVI20700278
48,Hate To Say I Told You So,The Hives,2000,https://www.youtube.com/watch?v=Uz1Jwyxd4tE,2ae80a725c9cda9c7cc36859f458541783909196cd351098751b2f00562503ab,The Hives - Hate to Say I Told You So (Official Music Video),SEVHC0007060
49,Silent Lucidity,Queensrÿche,1990,https://www.youtube.com/watch?v=jhat-xUQ6dw,810883e1a40cf38e53f2e37355493adc4116fa14f55f52c5531e05bea3761c21,Queensrÿche - Silent Lucidity (Official Music Video),USEM30200450
50,Savior,Rise Against,2008,https://www.youtube.com/watch?v=e8X3ACToii0,15ed0e9742eb844009bf78734f161e3f7ee44e092da7cb96a6779f98052ae54f,Rise Against - Savior (Official Music Video),USUM70832584
51,Tutti Frutti,Little Richard,1955,https://www.youtube.com/watch?v=ivhauEr3KxU,cf9645dac37af69c50235b9708898f41619c9d1046098e64bf580c1f2668cd72,Little Richard - Tutti Frutti (Official Lyric Video),USC4R1100478
52,We Got the Moves,Electric Callboy,2021,https://www.youtube.com/watch?v=_4OglbPB9FI,2ff85e359e285e5deb0e2235700e80bd4780e4836577f1999038662cf58cbe83,Electric Callboy - WE GOT THE MOVES (Lyrics),GBDHC2227201
53,Rose Tattoo,Dropkick Murphys,2013,https://www.youtube.com/watch?v=9d8SzG4FPyM,832261524150034db8defec5c89b10a2b3098ca6beb30829711567474a9d5986,"Dropkick Murphys - ""Rose Tattoo"" (Video)",USK251300003
54,I Love Rock 'N Roll,Joan Jett & the Blackhearts,1981,https://www.youtube.com/watch?v=wMsazR6Tnf8,44177218e39fc8bb522813850e11c5999966e7f72a1a97ac379e2fe70fd37832,"""I Love Rock 'n' Roll"" - Joan Jett & the Blackhearts (Official Video)",USBH18100118
55,La Grange,ZZ Top,1973,https://www.youtube.com/watch?v=rG6b8gjMEkw,3760736982b22f58c3c5c20ca029567ab7148f7c23224950484ff4d00a6c7c0f,ZZ Top - La Grange (Official Audio),QMRSZ2200138
56,Supermassive Black Hole,Muse,2006,https://www.youtube.com/watch?v=Qr_qDnDPyA4,c682abedde85a4f418876ff315ae434d9de8c05e63ef92169c0839bf3e104aec,MUSE – SUPERMASSIVE BLACK HOLE (Official Music Video),GBAHT0500593
57,Celebrity Skin,Hole,1998,https://www.youtube.com/watch?v=O3dWBLoU--E,cfba7dbdb1b81e2d5b3c44918127d189ef1252ccab7945b3fce18273ca50e9a7,Hole - Celebrity Skin (Video),USGF19816401
58,Square Hammer,Ghost,2016,https://www.youtube.com/watch?v=VqoyKzgkqR4,9fff325cc3f748b3ccd93c6564d72fd0107bb4d15d47a2676f24b69b0ec33e88,Ghost - Square Hammer (Official Music Video),USC4R1601938
59,Rollin' (Air Raid Vehicle),Limp Bizkit,2000,https://www.youtube.com/watch?v=AMX7XkO2-Y8,f4116281e8387b82b1fccb51c6d1f7700995412cf5f9d2ff7ff9c76fddb4265e,Rollin' (Air Raid Vehicle),USIR10001170
60,Alone In A Room,Asking Alexandria,2017,https://www.youtube.com/watch?v=4cHb8AJDR5Y,f3376691a22d70dd9668e1cd1ec727cc2481d6cdd8ae6863fa3c53f4204276fa,ASKING ALEXANDRIA - Alone In A Room (Official Music Video),USYFZ1791001
61,Go Your Own Way,Fleetwood Mac,1976,https://www.youtube.com/watch?v=ozl3L9fhKtE,104f7722bca0a2d67b9ae856fda88ca2dbddb78607bc3ea95b1cea16289e8365,Fleetwood Mac - Go Your Own Way (Official Music Video) [HD],USWB19900181
62,American Woman,The Guess Who,1971,https://www.youtube.com/watch?v=3r_qd2yxIsM,0b1307070cb1b011b003d1aedaa45e324b24c8da8d90dfeabebb9c7e00558389,American Woman,GBQRF1113026
63,Heat Of The Moment,Asia,1982,https://www.youtube.com/watch?v=88lgq7ZE9Xg,849e6cad3ee1774088ce31fa30c69de95e717a8f40c88df5128d1250fec2f774,ASIA - HEAT OF THE MOMENT 1982  (REMASTERED VERSION),USGF18200801
64,Juke Box Hero,Foreigner,1981,https://www.youtube.com/watch?v=jsGo_AZSb0E,0511dece91871c014602399ca596c14f10608d9c14a1107b8c5d1469da652a8e,Juke Box Hero,USAT20803006
65,The Devil's Bleeding Crown,Volbeat,2016,https://www.youtube.com/watch?v=3nb7DD7vdQ0,64e979f96f2bc75273cb6112cfdec859e12c9022b625447c3eac55cc2c63fb3b,Volbeat - The Devil's Bleeding Crown,DKNE11600101
66,Songs für Liam,Kraftklub,2012,https://www.youtube.com/watch?v=w9V9jblqXo0,5ba95f59f2cc24c8c757695c28fd3cb20a5edf61c790ae1a23d52e498eb8da3f,Kraftklub- Songs für Liam (Kraftklub mit K) *Original*,DEUM71104128
67,Chop Suey!,System Of A Down,2001,https://www.youtube.com/watch?v=CSvFpBOe8eY,e86af0fbbfb9bb284a28dfc68781881fefb94e49f42fc61b0c147ee361d0165e,System Of A Down - Chop Suey! (Official HD Video),USSM10107256
68,Schrei nach Liebe,Die Ärzte,1993,https://www.youtube.com/watch?v=6X9CEi8wkBc,527c545ad703a83a852d2dd8a8a7ea35ed648ef8365ea964f92a69c0649ee581,die ärzte - Schrei nach Liebe (Offizielles Video - Refurbished 2025),DEZ650506930
69,Teenage Dirtbag,Wheatus,2000,https://www.youtube.com/watch?v=FC3y9llDXuM,a24828d0fc04377de206ff7ccbce95fbff6959f125d045c78b38bb21e381898e,Wheatus - Teenage Dirtbag (Official Video),USSM10008431
70,Here I Go Again,Whitesnake,1982,https://www.youtube.com/watch?v=WyF8RHM1OCg,a803fe331acbe1228c8c7010de9e2c24bcc97859a7187f315f8023bf1570f629,Whitesnake - Here I Go Again '87 (Official Music Video),GB01A8700011
71,Hail to the King,Avenged Sevenfold,2013,https://www.youtube.com/watch?v=PI-dpqOa3rk,3b7953a479bde1cdf5e3f39e714975563d8736875e00dc7a4b3be08f8ab8cf93,Avenged Sevenfold - Hail To The King (Live At The GRAMMY Museum®),USWB11302191
72,Sleepwalking,Bring Me The Horizon,2013,https://www.youtube.com/watch?v=lir3dzYIhz0,d73c6622a00923f3b75f3dd79aee5a6bc1f05d361106052e3dd54268964c29ee,Bring Me The Horizon - Sleepwalking,GBARL1202418
73,Eye of the Tiger,Survivor,1982,https://www.youtube.com/watch?v=btPJPFnesV4,592bbd4dd925652e0d9224abd42b329ea2892c9d459a856f18fcfb262dce81a0,Survivor - Eye Of The Tiger (Official HD Video),USVR19300001
74,Oh' Pretty Woman,Roy Orbison,1964,https://www.youtube.com/watch?v=Am38jAK38DU,a95d753a038dcf8dcbf22b3a83f6a9c46c1b649d50ffa15367cdeee1b5f79110,"Roy Orbison - Oh, Pretty Woman (Monument Concert 1965)",USSM16401575
75,The Final Countdown,Europe,1986,https://www.youtube.com/watch?v=lZzcQ-uQ8R0,0ce3b5d41238557066cc74c3dd20a7bff1431c61c02ebd4e077f85b1a12afa0c,Europe - The Final Countdown (audio),USSM18600196
76,Rock Around The Clock,Bill Haley & His Comets,1954,https://www.youtube.com/watch?v=_hXxX7ymRJc,c035c288604e5db7bddb2f1bd74ca77196f893a075897ca49315afcee7b343d3,Bill Haley & His Comets - Rock Around The Clock [Official Music Video],SEBFO6804010
77,Death by Rock and Roll,The Pretty Reckless,2020,https://www.youtube.com/watch?v=BX6KILafIS0,ed286dc6407c53e35f941b7516f759f0d8ee9f191b2a0b83200cb966958b8f2e,The Pretty Reckless - Death By Rock And Roll (Lyric Video),US5262023639
78,Interstate Love Song,Stone Temple Pilots,1994,https://www.youtube.com/watch?v=yjJL9DGU7Gg,a1bf51ede1336ed9082b9a203e9e2172c724b20586d57559a46e8d7b34c2c9a4,Stone Temple Pilots - Interstate Love Song (Official Music Video),USAT20181162
79,No One Like You,Scorpions,1982,https://www.youtube.com/watch?v=O5hGSAdKge0,b6e466b05440ed2e45df9ac4908cd9fbdf514aef73cb73cd922994a352a10d9f,Scorpions - No One Like You (Official Video) HD,DEE861101518
80,Balls to the Wall,Accept,1983,https://www.youtube.com/watch?v=3wMwuAEfKus,86412e197cc6d2dbddbd1e6aa99e3fde1df2a17c791b2ce38c5d52097e9716fd,"Accept -  ""Balls To The Wall ""  (HQ)",USSM18400165
81,Carry on Wayward Son,Kansas,1976,https://www.youtube.com/watch?v=P5ZJui3aPoQ,f4faada61b35d4686c06c707205d5b4cc9549e56efbea0209c476a33010362ae,Kansas - Carry on Wayward Son (Official Video),USSM17600874
82,Welcome to the Black Parade,My Chemical Romance,2006,https://www.youtube.com/watch?v=RRKJiM9Njr8,b230511d21bf50cc9245812f2f98d44f668832f2c303824b2516122cee55fe53,My Chemical Romance - Welcome To The Black Parade [Official Music Video] [HD],USRE10602613
83,Maybellene,Chuck Berry,1955,https://www.youtube.com/watch?v=RMkIK0qZnjw,6cac9a78b0ad6b8062bc561e394e8b942e02c3a4801269990962f0beed3d281e,Maybelline,USMC15519962
84,I Hate Myself for Loving You,Joan Jett & the Blackhearts,1988,https://www.youtube.com/watch?v=V6m7b5xJq7Y,82ca0eed7c493bba5da20e48c4a1492d16b6a875e5f7f71f3bf22c2616bfd1f6,I Hate Myself for Loving You,USSM10021818
85,Animals,Architects,2020,https://www.youtube.com/watch?v=n8hImk9kVbA,bf6377cd06156fee06f415468543ad6c9d315f7097bb5f0d5e6b109a60d123d4,Animals by Architects (fan made) Music Video,USEP42058010
86,I Will Not Bow,Breaking Benjamin,2009,https://www.youtube.com/watch?v=7qrRzNidzIc,aad80e676551d7b45059ea75151ac1c5b155a51db69222764963dc2fabbfe42a,Breaking Benjamin - I Will Not Bow,USHR10924529
87,Freak On a Leash,Korn,1998,https://www.youtube.com/watch?v=jRGrNDV2mKc,c9cb59fffec68f3120fe1b24e295ba99434b3bcaeb9edffbafe9eacaab7abf25,Korn - Freak On A Leash (Official Video),USSM19801755
88,Dance Macabre,Ghost,2018,https://www.youtube.com/watch?v=7Gr63DiEUxw,dd9256fa2ab709a65b56a9c1f2e74d40103c32667f8ee67074874623739a81b1,Ghost - Dance Macabre (Official Music Video),USC4R1802371
89,What I Got,Sublime,1996,https://www.youtube.com/watch?v=0Uc3ZrmhDN4,51d3f88125cfb0bdbdeb68b47a30e2a0c7b573af88526092a1e12b255e9dde82,Sublime - What I Got (Official Music Video),USGA19649251
90,Wake up Little Susie,The Everly Brothers,1957,https://www.youtube.com/watch?v=iTseFBze0NM,1ed61686cb70fb531da924ec42cb994a92a5180a70625defaa687a6118be7ac9,Everly Brothers - Wake up Little Susie (live 1983) HD 0815007,USWB19903263
91,I Wanna Rock,Twisted Sister,1984,https://www.youtube.com/watch?v=tyHpTG1MjVU,46dad8bbfb467fc77f6911be5e629b2238bcece6434e1583d34f387e280cae26,I Wanna Rock (2016 Remaster),USAT20000551
92,Black Hole Sun,Soundgarden,1994,https://www.youtube.com/watch?v=3mbBbFH9fAg,903f0cb91850781eb075951101f895e9daab8f8ab405a0975520f078e138ab03,Soundgarden - Black Hole Sun,USAM19400007
93,Bad Medicine,Bon Jovi,1988,https://www.youtube.com/watch?v=eOUtsybozjg,359374051058aa16b7e5594e36b983863da9fce24b464d3874aa538a8a6200cf,Bon Jovi - Bad Medicine (Official Music Video),USPR39402228
94,Rock And Roll All Nite,KISS,1975,https://www.youtube.com/watch?v=EFMD7Usflbg,334f38a868825e6cb1cd59ee4946876743989639ff713338b1d3ed34581534a1,Kiss - Rock And Roll All Nite (From Kiss eXposed),USPR37509157
95,Mr. Jones,Counting Crows,1993,https://www.youtube.com/watch?v=-oqAU5VxFWs,3773ac41a21f37212375fc642d0288c24d458a98ca5ac9b850642bbd44c73830,Counting Crows - Mr. Jones (Official Music Video),USIR10000287
96,Bodies,Drowning Pool,2001,https://www.youtube.com/watch?v=04F4xlWSFh0,252f76a2af028c1466d444fd73cf6367aef14d929b839b7810b0e8e96d36de81,Drowning Pool - Bodies (Official HD Music Video),USWU30006502
97,Stinkfist,TOOL,1996,https://www.youtube.com/watch?v=6zpvlMp04D0,5356522bc3bdce368dbb8ca1a8baefc45471703fc5e7ad92d6aae154043cae62,TOOL - Stinkfist,USZE19600081
98,Run For Cover,The Killers,2017,https://www.youtube.com/watch?v=XO7JGfqPB0s,db8e611ff66d9ba4f0f92139f7176da7f880577a3968b104777bf525c0618979,The Killers - Run For Cover,USUM71707343
99,Kryptonite,3 Doors Down,2000,https://www.youtube.com/watch?v=_p4td1Ch9t8,fc2db7f6324f2f20deb1b9d790dc8a8ce7379254bb5563acb907045b21857692,3 Doors Down - Kryptonite (Official Video),USUR19980187
100,Free Bird,Lynyrd Skynyrd,1973,https://www.youtube.com/watch?v=0LwcvjNJTuM,a2578c11d73206dd4312e2ede5a487fc15d4a859d1ef183ceb34166bd0af9c9b,Lynyrd Skynyrd - Free Bird (Official Audio),USMC17301722
101,Howlin' for You,The Black Keys,2010,https://www.youtube.com/watch?v=3AiRQyOKBJY,2f6ac858da85db591692ef5288855b610fcd75ff57470095e4166b499060e7c8,"The Black Keys ""Howlin' for You"" on Late Night 2010",USNO12000174
102,Master Of Puppets,Metallica,1986,https://www.youtube.com/watch?v=6xjJ2XIbGRk,73c3ca507493eb0a66526c7727f2997c5899eb201f34acd831f4286d478c43bf,Metallica: Master of Puppets (Official Lyric Video),QMKHM1600219
103,The Kill (Bury Me),Thirty Seconds To Mars,2005,https://www.youtube.com/watch?v=8yvGCAvOAfM,181981d33b52e0022ba3467fdfa969f94709e540f56f964f30d142ef73e216b7,Thirty Seconds To Mars - The Kill (Bury Me),USVI20500136
104,Heart-Shaped Box,Nirvana,1993,https://www.youtube.com/watch?v=n6P0SitRwy8,b67172b7eca1598c2bce9710c21af2814e3e454522b39e10752037119490ed50,Nirvana - Heart-Shaped Box,USGF19960703
105,Put Your Head On My Shoulder,Paul Anka,1959,https://www.youtube.com/watch?v=kvazBqAlx58,abb2c827635c4af3c16084682af194ed0e2de59c98d98b547afe558f5d5811b3,Put Your Head On My Shoulder,USRC10000600
106,Should I Stay or Should I Go - Remastered,The Clash,1982,https://www.youtube.com/watch?v=xMaE6toi4mk,12283ef2698fa0755c84420193eb19399abfbf7839a002f88c3f354906e0c6b7,The Clash - Should I Stay or Should I Go (Official Video),GBARL1200670
107,Scar Tissue,Red Hot Chili Peppers,1999,https://www.youtube.com/watch?v=YlUKcNNmywk,00e873146368b21b0012d9456b71e4cb90edccc4b1b645fc44f705364342d6a2,Red Hot Chili Peppers - Californication (Official Music Video) [HD UPGRADE],USWB19900674
108,Ace of Spades,Motörhead,1980,https://www.youtube.com/watch?v=3mbvWn1EY6g,e0811d7dc5773e605f09863fae8d6bc9ebc5bade8604833683d0923a080b8596,Motörhead – Ace Of Spades (Official Video),GBAJE8000033
109,18 and Life,Skid Row,1989,https://www.youtube.com/watch?v=ztzkz0r1RG8,77d8eefc8d56c3b687c1b24b3fb32d455d4e9e24fbfa5761f4fcddfff77f2320,18 and Life,USAT20901906
110,Green Onions,Booker T. & the M.G.'s,1962,https://www.youtube.com/watch?v=0oox9bJaGJ8,25cda61682cd866c67695e9480b0c35df1a10a1e5a30f5a7a0103a6f7140801d,Booker T. & The MG's - Green Onions (Official Audio),USAT20000736
111,Iron Man,Black Sabbath,1970,https://www.youtube.com/watch?v=0qanF-91aJo,8936b3a8bcfc007a094db54d8afcca3cf67a9dfeb0bf9373f8f41b141f918045,"BLACK SABBATH - ""Paranoid"" (Official Video)",GBAJE7000085
112,The Summoning,Sleep Token,2023,https://www.youtube.com/watch?v=tH37hvuSJPo,a321e6d45755a3e169667b4ef7cb11cb3e0c7f35329630ed233bc7c936b14f16,The Summoning by Sleep Token Lyric. #SleepToken #TheSummoning #HeavyMetal #Music #Rock #Lyric #Song,GBUM72200352
113,Bulletproof,Godsmack,2018,https://www.youtube.com/watch?v=wKdOrFGojQE,a5e08a40871e4607ae27fa44f0e72f517a24d75ef6e55571ba03ae4fe9b2921c,Godsmack - Bulletproof (Audio),QMRSZ1703237
114,Hit the Road Jack,Ray Charles,1961,https://www.youtube.com/watch?v=uSiHqxgE2d0,57fc2639c4b399638b84e2d0a8d1656d0be1b7566607cbf4832f41be27eabbee,Ray Charles - Hit The Road Jack (Official Lyrics Video),FR6V81229417
115,Circle With Me,Spiritbox,2021,https://www.youtube.com/watch?v=I0WzT0OJ-E0,ea205baa241e274cf98383f37adebde035eab9e8e437334305fa6d2a0eefea0d,Spiritbox - Circle With Me (Official Music Video),QMRSZ2100664
116,California Dreamin',The Mamas & The Papas,1965,https://www.youtube.com/watch?v=KOok1WzZbOY,c88a8b692875cde54ebc179e95ab1a0504bb05c98ed56b16040f5d9ac0aed0cb,The Mamas & The Papas - California Dreamin' (Official HD Video),USMC16532697
117,Face Down,The Red Jumpsuit Apparatus,2006,https://www.youtube.com/watch?v=6Ux6SlOE9Qk,a0abda2bac94ea61888bfe99bd0274d18555eb2f75f62ae995dfec779c4c3010,The Red Jumpsuit Apparatus - Face Down,USVI20600108
118,R U Mine?,Arctic Monkeys,2012,https://www.youtube.com/watch?v=VQH8ZTgna3Q,847bbc1e89a1499418ae24edfd07e13b6d77204a7d55c4f375f6dc127c7d85ea,Arctic Monkeys - R U Mine? (Official Video),GBCEL1300363
119,You Ain't Seen Nothing Yet,Bachman-Turner Overdrive,1974,https://www.youtube.com/watch?v=Oxx5EziC8_w,f28fb3e0ea9592570641387237af3ef1c0017f04d9005775894e26dae1dae1f8,Bachman Turner Overdrive   You Ain't Seen Nothing Yet 1974 Video Sound HQ,USPR39401742
120,Run Through The Jungle,Creedence Clearwater Revival,1970,https://www.youtube.com/watch?v=mbjQiqkaD3U,ad30108d4258863b03250d2497822a3b4cae5cf586d7f007fdd47c5dcc57cc56,Creedence Clearwater Revival - Run Through The Jungle (Stereo / Lyrics),USC4R0817631
121,Song #3,Stone Sour,2017,https://www.youtube.com/watch?v=K73-hmaHPHY,6f5646cb3ad23b5e09890dda1aa9fb98d375917f30a3e9718e69286ca2505589,Stone Sour - Song #3 [OFFICIAL VIDEO],NLA321700079
122,You're Going Down,Sick Puppies,2011,https://www.youtube.com/watch?v=liW-kWFiXtQ,83ae1b40dd4a371e54137b7111f07d0b1df04e33794dc35f5b5512ae7f6cfc59,Sick Puppies - You're Going Down (Official Video),USVI20900226
123,Born to Run,Bruce Springsteen,1975,https://www.youtube.com/watch?v=IxuThNgl3YA,1c6d626bc434a02f1b648c4a2a0ce3ed038c7e3aba5b8cd591b440fc22d25458,Bruce Springsteen - Born to Run (Official Video),USSM17500423
124,Centuries,Fall Out Boy,2014,https://www.youtube.com/watch?v=LBr7kECsjcQ,a2d36a2f6085bbd9220b2a985ef774fb652ecd30b74e5872d73379354cbd7a85,Fall Out Boy - Centuries (Official Video),USUM71412644
125,For What It's Worth,Buffalo Springfield,1966,https://www.youtube.com/watch?v=80_39eAx3z8,fefdb4f1843596c7c9b5fb9df2e463fb54db5cf6eef9b6a09f9e66143e481151,Buffalo Springfield - For What It's Worth (Official Audio),USEE10170607
126,Epic,Faith No More,1989,https://www.youtube.com/watch?v=WkqPVMKsN20,356fc55e3750cf59eb29e372332a8904b1da7a8444159136295cadc62943ce5f,Epic,GBANC8900003
127,Still Waiting,Sum 41,2002,https://www.youtube.com/watch?v=qO-mSLxih-c,412aeeed2220952b1accb6de31b5bf8f0cd8cf4b94eaa42ccbf33bd3cf59d367,Sum 41 - Still Waiting,USIR20200792
128,Hotel California,Eagles,1976,https://www.youtube.com/watch?v=09839DpTctU,496cf86fcb250183b7830c242fcdb84b0f90206eb0170094b64e5440dd1566ec,Eagles - Hotel California (Live 1977) (Official Video) [HD],GB-SMU-26-79348
129,No One Knows,Queens of the Stone Age,2002,https://www.youtube.com/watch?v=s88r_q7oufE,4fffbbb563378cfe2e0216db9d9ca5c15bf9e225dda6a363d8d9f2e67ba5001d,Queens Of The Stone Age - No One Knows (Official Music Video),USIR10211291
130,Painkiller,Judas Priest,1990,https://www.youtube.com/watch?v=nM__lPTWThU,0a85a5f864e908e4cc87f8e16a92f4a4d1227bdb640c4ddb2937abf83ba666c6,Judas Priest - Painkiller,GBBBN0102557
131,Fight For Your Right,Beastie Boys,1986,https://www.youtube.com/watch?v=eBShN8qT4lk,d737e3ac5f1197e28a994cbaf3b9c68a5696942813ae694899a5b7385686ce5b,Beastie Boys - (You Gotta) Fight For Your Right (To Party) (Official Music Video),USDJ28600007
132,I Write Sins Not Tragedies,Panic! At The Disco,2006,https://www.youtube.com/watch?v=XioHVMjtICI,38fe816273a6f19d10eb471683a1578468d78ef69c313971eb7a0d0ab695f061,Panic! At The Disco -  I Write Sins Not Tragedies Official Music Video,US56V0507710
133,Tears Don't Fall,Bullet For My Valentine,2006,https://www.youtube.com/watch?v=4q3KTBBsbpE,e9350923867216d6c45a5ea2446f1af12bf2f1c9fda53dca7938f939f066daa8,Bullet For My Valentine - All These Things I Hate (Revolve Around Me) (Official HD Video),GBHQD0500017
134,Symphony Of Destruction,Megadeth,1992,https://www.youtube.com/watch?v=zzcgZ_p3CMM,08d5942b03d390888104e8375294ee4130b71fbec82a4850e7b2bb3ea55df1db,Megadeth - Symphony of Destruction 1992 (Official Video) ᴴᴰ,USCA20400616
135,Bonnie & Clyde,Die Toten Hosen,1996,https://www.youtube.com/watch?v=JaR4RQAE2fc,6ee3b6cd43cfc4453e45d002583c1f68b5f21c300978cd4bc6540b92b69bbc73,"Die Toten Hosen // „Bonnie & Clyde"" [Offizielles Musikvideo]",DEF240712435
136,My Own Worst Enemy,Lit,1999,https://www.youtube.com/watch?v=sc5iTNVEOAg,c3f60c86ead4a254b6930d6cedc335ce129fec5c08ab8666d7bb7c9300232be0,Lit - My Own Worst Enemy (Official Music Video),USRC19808159
137,Burning Heart,Survivor,1985,https://www.youtube.com/watch?v=NeCwJ1IiQQw,8499eca62a01ec60982082208fdc8c8907c1ca4b331e0989edab6d8512846c0a,Survivor - Burning Heart (Audio),USVR19300003
138,GOSSIP (feat. Tom Morello),Måneskin,2023,https://www.youtube.com/watch?v=XrsbfrFPATs,6232bb377831fb9d7ac09d7f9aef65f8519dcc67a969dec7f076dc77439de284,Måneskin - GOSSIP ft. Tom Morello,ITB002200841
139,Plush,Stone Temple Pilots,1992,https://www.youtube.com/watch?v=V5UOC0C0x8Q,2d4b2acf2cd9a7ba0e48b55a0c26032310d0fd4e8d5762bd3fdcf568627bf72f,Stone Temple Pilots - Plush (Official Music Video),USAT29200016
140,Pour Some Sugar On Me,Def Leppard,1987,https://www.youtube.com/watch?v=0UIB9Y4OFPs,a1614f5eaef8de366fbd8c4f90683a020f19d4f59284f36016a3146d4a2bdc2d,"DEF LEPPARD - ""Pour Some Sugar On Me"" (Official Music Video)",GBF088790147
141,I Stand Alone,Godsmack,2002,https://www.youtube.com/watch?v=OYjZK_6i37M,317720555cdcd33123847024ee396c54e97de9b7a7808f6346e6788dfa6ba09a,Godsmack - I Stand Alone,USUR10111257
142,Going Under,Evanescence,2003,https://www.youtube.com/watch?v=CdhqVtpR2ts,c3461499ee22e091beae1e624ad582e7f5785182177a6168ae6d8372d0597915,Evanescence - Going Under (Official HD Music Video),USWU30200108
143,The Middle,Jimmy Eat World,2001,https://www.youtube.com/watch?v=oKsxPW6i3pM,ad01b206d7e492ac8dc5ed36fbb13f446bba3d886bd10ad0dde142b0ec9628be,Jimmy Eat World - The Middle (Official Music Video),USDW10110256
144,Hound Dog,Elvis Presley,1956,https://www.youtube.com/watch?v=cYwDUonrGFQ,9c88a7a7ea3dc0c454dd868febdcabc86e7de4b2d615b7e817bd59c5e46be7fa,Elvis Presley - Hound Dog (Official Lyric Video),USRC15602857
145,Sk8er Boi,Avril Lavigne,2002,https://www.youtube.com/watch?v=TIy3n2b7V9k,bc03d4511243441c67e7ed939504349b3613574ab3574fc7c18f5cee9be2081c,Avril Lavigne - Sk8er Boi (Official Video),USAR10200229
146,Break on Through (To the Other Side),The Doors,1967,https://www.youtube.com/watch?v=NFeUko-lQHg,ce078c8e66dfcf65c7a72e673f4e50c1f21990afff893d044265776da0d0480f,Break on Through (To the Other Side),USEE19900198
147,Surfin' U.S.A.,The Beach Boys,1963,https://www.youtube.com/watch?v=enlOHxQ0tb4,a223a2e26ca03eaf102677bb7ddbcbda558fea3bec19f30b74c304ae16e42c5f,The Beach Boys - Surfin' U.S.A. (Lyric Video),USCA21201955
148,Need A Favor,Jelly Roll,2023,https://www.youtube.com/watch?v=P1nRboaLTzU,0a61fc0016065ecbd16b9f463b944348abe0ac4764f4aa161f1add04c3b65594,"Jelly Roll - ""NEED A FAVOR"" (Official Music Video)",QMRSZ2203220
149,The Emptiness Machine,Linkin Park,2024,https://www.youtube.com/watch?v=SRXH9AbT280,3c8f6eea90bf4548347a1a2c3588976a01f4faaaf0e6218b7ee1cc9d3b27b645,The Emptiness Machine (Official Music Video) - Linkin Park,USWB12403464
150,Cut the Cord,Shinedown,2015,https://www.youtube.com/watch?v=9itwt_opsvQ,81109194eb015262d7e2ffaf21e10b1ec3c1f53367de56d432764e704696c7d8,Shinedown - Cut The Cord (Official Video),USAT21501541
151,Hurricane,I Prevail,2019,https://www.youtube.com/watch?v=zhMt7kvgzRM,f0cb868b382db73d20c2d0ba9ffb5a8e8ee519bef64a6e69dd7b27a4297211c8,I Prevail - Hurricane (Official Music Video),US5261923090
152,Are You Gonna Be My Girl,Jet,2003,https://www.youtube.com/watch?v=tuK6n2Lkza0,4db8304b479611e1c3c3bfc40f6c987490239f6941e94d4f7eca3c0a2c88d3a3,Jet - Are You Gonna Be My Girl (Official Music Video),USEE10340526
153,American Idiot,Green Day,2004,https://www.youtube.com/watch?v=kqkGY9jsBOw,e57c7ea156fc14d48cfb1bd001452faeabdb4dde08f3ae9b45dfa234c29d17b9,Green Day - American Idiot (Official Audio),USRE10400888
154,Hit Me With Your Best Shot,Pat Benatar,1980,https://www.youtube.com/watch?v=JRD80XRMT7s,2cdffc50255cd433ab06a32530373011a0fac47e3715139dfde3007501110675,Hit Me With Your Best Shot (Remastered),USCH38400009
155,Crazy Train,Ozzy Osbourne,1980,https://www.youtube.com/watch?v=tMDFv5m18Pw,6d4695a9565ad8585d426688a3005dd62689f28e219c0a8bde73b00a45a4d5a2,Ozzy Osbourne - Crazy Train (Official Animated Video),USSM11002845
156,I Wanna be your slave,Måneskin,2021,https://www.youtube.com/watch?v=yOb9Xaug35M,010e954ed03ade3520b47b40514a6ef24c35db0e94b3f80d6327515534672e3b,Måneskin - I WANNA BE YOUR SLAVE (Official Video),ITB002100115
157,In the End,Linkin Park,2000,https://www.youtube.com/watch?v=eVTXPUF4Oz4,bd84eeda82aaae7299ba5e2fce56ccaf34fc33f9797cac009911459e4e92daea,In The End [Official HD Music Video] - Linkin Park,USWB10002407
158,Even Flow,Pearl Jam,1991,https://www.youtube.com/watch?v=FdIX36A8lMQ,250d88fe5d39c13e4ccfe84a14b39da5bc53eb6bae87cce33557535e3ea64d04,Pearl Jam - Even Flow Lyrics,USSM19100673
159,Black Betty,Ram Jam,1977,https://www.youtube.com/watch?v=I_2D8Eo15wE,06c2d85c0976b25a587016daa6bec3b890354f84075abaf87c10b320e6d7c2fe,Ram Jam - Black Betty (Official Video),USSM10211288
160,Detroit Rock City,KISS,1976,https://www.youtube.com/watch?v=iZq3i94mSsQ,446fad94dc5eb6e1191f969b97c76529ff3a4164f210c3cc8b400235b8a48e46,Kiss - Detroit Rock City,USPR37707201
161,Don't Stop Me Now,Queen,1978,https://www.youtube.com/watch?v=HgzGwKwLmgM,80f1d44b4030a1f1ebc297c49548ab39152dab4b04c4a434f7471e8602458d24,Queen - Don't Stop Me Now (Official Video),GBUM71029610
162,Bad To The Bone,George Thorogood & The Destroyers,1982,https://www.youtube.com/watch?v=IyhJ69mD7xI,52e789b9a01cb9c30cfdfd53f6f67e63bb2abab835e099a91463719b5d30d7f0,George Thorogood & The Destroyers - Bad To The Bone,USEM38500069
163,Poison,Alice Cooper,1989,https://www.youtube.com/watch?v=Qq4j1LtCdww,1dec2b4bb0f6f08ccd07aaf52582988f01400a58da4a3fd0b9a272bafa064a97,Alice Cooper - Poison,USSM18900004
164,Danger Zone,Kenny Loggins,1986,https://www.youtube.com/watch?v=siwpn14IE7E,4c6d0ca4fc54067589cc2163d95e4a6d1691fc852e4d87ffb27c8c794638bb79,Kenny Loggins - Danger Zone (Official Video - Top Gun),USSM18600108
165,Thunderstruck,AC/DC,1990,https://www.youtube.com/watch?v=v2AC41dglnM,eeed47e4f39b24bf0a5f56234a09e91f1ed971cae9bf8bf9e7d649092a1a554e,AC/DC - Thunderstruck (Official Video),AUAP09000014
166,Children of the Grave,Black Sabbath,1971,https://www.youtube.com/watch?v=0kqyn-vivxY,65f6c708e43a73f74837452fa99f564f90ef80b4f8fca64dc54c1146d3aa984d,Black Sabbath - Children of the Grave (Vietnam War),GBAJE7100085
167,Altes Fieber,Die Toten Hosen,2012,https://www.youtube.com/watch?v=CQYypFMTQcE,364773ebd601ddfa78fcc56243be1cf2c3ee46e56febb49754b34c8767a39970,Die Toten Hosen // Altes Fieber [Offizielles Musikvideo],DEF241230008
168,Creep,Radiohead,1992,https://www.youtube.com/watch?v=fAuT8_dboWo,fc7e2a85a856e3664386ffc746f91f3c4583caa9fc75e91e855bdb7fd53748dc,Radiohead - Creep (Remastered) (Audio),GBAYE9200070
169,Dragula,Rob Zombie,1998,https://www.youtube.com/watch?v=EqQuihD0hoI,339ea9f858ba9bfdabf504ae36d79301175843935095f4b34036f0e82c544a25,Rob Zombie - Dragula,USGF19821203
170,Angels Fall,Breaking Benjamin,2015,https://www.youtube.com/watch?v=9zFfRSeA1ls,254cd496548d97df9bb9640dd9dbc5e857091186503abc38c64d9a7d2e0cf086,Breaking Benjamin - Angels Fall (Official Video),USHR11536293
171,I Miss the Misery,Halestorm,2012,https://www.youtube.com/watch?v=V5OC2IZW3Pg,64204279ad1bbe0c0bf57c674c17ddad30d9ccd91aa84024d1516a2e0ad64789,Halestorm - I Miss the Misery (2012),USAT21200150
172,Two Princes,Spin Doctors,1991,https://www.youtube.com/watch?v=wsdy_rct6uo,de2d3cf6e94a42a5dabb7bbb03822c9d4e3c663cbeff5f67bc2e89560cbd6c9a,Spin Doctors - Two Princes,USSM19000350
173,Breaking the Law,Judas Priest,1980,https://www.youtube.com/watch?v=L397TWLwrUU,54648463cc824dad25c671ac9c09a18ea5b15611d130e4a7dbb8a83ed5f5fb44,Judas Priest - Breaking The Law (Official Music Video),GBBBN8000007
174,Lola Montez,Volbeat,2013,https://www.youtube.com/watch?v=DdPpRdImfuA,a4c68cba6596bb472599fddef72115a986769546f8a81b85cddf1155345bc84b,VOLBEAT - Lola Montez (Lyrics),DKNE11300109
175,Ain't Talkin' 'Bout Love,Van Halen,1978,https://www.youtube.com/watch?v=qtwBFz6lfrY,81d2280c2923932109a3f4416edf4645744b1b0186ff23bcda01c656e9810018,Ain't Talkin' 'Bout Love (2015 Remaster),USWB17700031
176,Just What I Needed,The Cars,1978,https://www.youtube.com/watch?v=gvy2yqUHLLg,7bc3e02f02c7fafdb3acff10e4541734a6e0bc38481505dcfa7fcf51ef0d2f33,The Cars - Just What I Needed (Official Live Video),USEE17500009
177,San Quentin,Nickelback,2022,https://www.youtube.com/watch?v=bsmoFqvY5gw,28f4ea006f374bd1173e5cd37f4047e5e91434e71384ea423d3dc3050ac6b734,Nickelback - San Quentin (Official Music Video),QMRSZ2202409
178,First Date,blink-182,2001,https://www.youtube.com/watch?v=vVy9Lgpg1m8,3d1fe4c01335be9817ac641dd580d45e6e711a0661ef14835d08c1c098057398,blink-182 - First Date (Official Video),USMC10110874
179,Joker And The Thief,Wolfmother,2005,https://www.youtube.com/watch?v=Nr0SqIAFohk,fd78af325f5e0f8bd9d9a098fd9e6985b1f2968d9f10d6f044ef19fff3ce0b1d,Wolfmother - Joker And The Thief (Audio),AUUM70500115
180,Don't Threaten Me with a Good Time,Panic! At The Disco,2016,https://www.youtube.com/watch?v=0hU3o7QbgKs,effbdbe39a3158fe851316b6971000ef86105a441a1ae2d1f35f2c1bfe151951,Panic! At The Disco - Don't Threaten Me With A Good Time (Official Video),USAT21503695
181,To Hell and Back,Sabaton,2014,https://www.youtube.com/watch?v=RhmHSAClG1c,bb9fe90307f4d36ed4e19dc8123d0167a2c19d8042b59ff1351cdc6f75e20d1d,SABATON - To Hell And Back (Official Music Video),SE2EG1400105
182,All Star,Smash Mouth,1999,https://www.youtube.com/watch?v=L_jWHffIx5E,fcdaec1dd4c092c69eb9be41ce02582b1039b5e3c790fe7145869c8b6b07bec8,Smash Mouth - All Star,USIR19902220
183,White Trash Millionaire,Black Stone Cherry,2011,https://www.youtube.com/watch?v=ZQ8itDYP6HU,eaf2de4c2e782bc5eb7b547c6b6ac3fbda3850663c7e70a4df2330c30450191c,Black Stone Cherry - White Trash Millionaire [OFFICIAL VIDEO],NLA321190959
184,Getting Along,Royal Republic,2016,https://www.youtube.com/watch?v=bu3ruL8WJgc,d67740f552857d993236379c3faffa3ca0dc4fa10599ba0f702ff2c403aec326,Getting Along,DEUM71503581
185,I'd Do Anything For Love (But I Won't Do That),Meat Loaf,1993,https://www.youtube.com/watch?v=9X_ViIPA-Gc,a1c5ccacf6de7b44ad88f3308bc6c718598320444de8cf57ee19bddffc34fd8c,Meat Loaf - I'd Do Anything For Love (But I Won't Do That) (Official Music Video),USMC19341323
186,Risin' High - Def Core Grind Version,H-Blockx,1993,https://www.youtube.com/watch?v=2gdchItioqQ,719a9e0d8fc89a034b4703bf21b5bd421ee9da3690fd4c93f0f8d83d3cc06e36,H-Blockx - Risin' High (Official Music Video) [Digital HD Remastered],DED149300010
187,Fake It,Seether,2007,https://www.youtube.com/watch?v=gy8HPSIFXEM,d613de33923b3f63b5b1285f9d942532b6ac893b20594731f457b14f35bf4357,Seether - Fake It,USWU30700132
188,Seven Nation Army,The White Stripes,2003,https://www.youtube.com/watch?v=0J2QdDbelmY,d3694643ec152040677f55efe88fb31a430adf4f043ca988f8bdefb498a0ce0e,The White Stripes - Seven Nation Army (Official Music Video),USVT10300001
189,Love Hurts,Nazareth,1974,https://www.youtube.com/watch?v=WUff6gpqd8s,fc52e8d467f8be4a072197749546f563e4e31f7ebfb0a50505f674ef581b4d1a,Nazareth - Love Hurts (Official Audio),USAM17502195
190,Gimme Shelter,The Rolling Stones,1969,https://www.youtube.com/watch?v=RbmS3tQJ7Os,8f0d7facedda8768f9226b136bca7526a1b41f910c44da7727df11059281aaa0,The Rolling Stones - Gimme Shelter (Official Lyric Video),USA176910020
191,The Kids Aren't Alright,The Offspring,1998,https://www.youtube.com/watch?v=7iNbnineUCI,7ea21ba43d9089e760df20d666e0fa482ba0600c28490e8cf0301d8419ed78c9,The Offspring - The Kids Aren't Alright (Official Music Video),USSM19804363
192,Self Esteem,The Offspring,1994,https://www.youtube.com/watch?v=EtNZnhxWLHo,385e2101e0b48bbbe16b5ddcefad4d460235243c302aa06afa7a312f140a27e3,Self Esteem,USEP40312208
193,Jekyll and Hyde,Five Finger Death Punch,2015,https://www.youtube.com/watch?v=x9RfXb3JHw8,9495c7ec22f5c006ee457c9f2a5b940207c7220011851112ac4445f6d89f5853,Five Finger Death Punch - Jekyll and Hyde (Official Audio),US5Z51500620
194,S.O.S. (Sawed Off Shotgun),The Glorious Sons,2017,https://www.youtube.com/watch?v=JcYaAu01Q2Y,083a21bda229a2371f1da164a1171f59e61c55a0bd016a35262c8d92cc293dea,The Glorious Sons - Sawed Off Shotgun (Official Audio),CABD61705406
195,Red Flag,Billy Talent,2006,https://www.youtube.com/watch?v=l2UktJtKpFw,d51a2dc79fbffeb056d635e21bfc3df21d903bccb470007839f6eeb2b68fb89c,Billy Talent - Red Flag (Official Music Video),USAT20612281
196,Heaven Knows,The Pretty Reckless,2014,https://www.youtube.com/watch?v=JVZe5K3PZig,6c7999b9e8969a76dc668a31a0c3d192fb1a6391d722a9a3080c7650fb39f345,The Pretty Reckless - Heaven Knows (Official Audio),USRZR1353301
197,"Dance, Dance",Fall Out Boy,2005,https://www.youtube.com/watch?v=C6MOKXm8x50,008a5342293c28d6159831e29ea215f0a46928964950f4053e23fa223fe3d0ff,"Fall Out Boy - Dance, Dance (Official Music Video)",USDJ20500174
198,Help,Papa Roach,2017,https://www.youtube.com/watch?v=HYLTsdeO2uA,7b528bba67b7a53200ef307b84e41588afe99ddc321646055d3f5c70c332aecd,Papa Roach - HELP (Official Video),USDPK1700067
199,You Give Love A Bad Name,Bon Jovi,1986,https://www.youtube.com/watch?v=Aqc3VTpz9HQ,8ae90e01850ed53949d67cbe4b1827f6124b27a11313dc629f2339d6801da6e2,You Give Love A Bad Name,USPR39402224
200,All Day and All of the Night,The Kinks,1964,https://www.youtube.com/watch?v=fOGMRnKl5co,93315f3eb557f655c40917e070ec2f08cf1958ad2008a00ea63b86d24f5e28f7,The Kinks - All Day And All Of The Night (Official Audio),GBAJE6400007
201,Every You Every Me,Placebo,1998,https://www.youtube.com/watch?v=OMaycNcPsHI,b93c60a796c66a0320f8ab5c1cdc24943cf3779639941651d239137d4dfedb69,Placebo - Every You Every Me (Official Music Video),GBAAA9820460
202,Paradise City,Guns N' Roses,1987,https://www.youtube.com/watch?v=Rbm6GXllBiw,e438a771190e1bef33ae8ce7e0e8963dc8734b21a852da50eeceaf306678f0b6,Guns N' Roses - Paradise City (Official Music Video),USGF18714806
203,Monsters (feat. blackbear),All Time Low,2020,https://www.youtube.com/watch?v=RvMniYi8t30,0d24d3868161c06c3596efce2245b2985bd7c96e7fc8c85ddea8f9017db69948,Monsters (feat. blackbear),USAT22000034
204,Enter Sandman,Metallica,1991,https://www.youtube.com/watch?v=CD-E-LDc384,8ccd7aad2f7d09093641e2d74aa009448837800bc9225c995a41c5711f7b2869,Metallica: Enter Sandman (Official Music Video),GBF089190013
205,Nothin' But A Good Time,Poison,1988,https://www.youtube.com/watch?v=_88L-CU7PD4,aa505f6495fbe0af37917fd2dcefbeed2fd1c2ff03e55d4885f48296f7d2c049,Poison - Nothin' But A Good Time,USCA28800138
206,You're The One,Greta Van Fleet,2018,https://www.youtube.com/watch?v=9Wyn-s4Wc4s,148e8a133951b46fd07cf64210980fec347e257ad697123c3d8599c11f293b07,Greta Van Fleet - You’re The One (Live on SNL / 2019),USUM71811327
207,I'm a Believer,The Monkees,1966,https://www.youtube.com/watch?v=xvqeSJlgaNk,70b55b84c77b03ce0c013d0e4dee01775654ce49b201eaf500b6d1a1c338e5d2,The Monkees - Daydream Believer (Official Music Video),USRH10125749
208,Guerrilla Radio,Rage Against The Machine,1999,https://www.youtube.com/watch?v=Rm1nCYOZB-s,af337b9bf4c024453f52764f6dee77d3d6fc5d2a7422cadb24b92d5e103e04e3,Rage Against The Machine - Guerrilla Radio (Official HD Video),USSM19919500
209,Down with the Sickness,Disturbed,2000,https://www.youtube.com/watch?v=09LTT0xwdfw,158331574cbd20adaaa0c87986b75f40c7c0dc52bb402d2e5f39128ae8a4dd18,Disturbed - Down With The Sickness (Official Music Video) [HD UPGRADE],USGI19900180
210,Stay,Maurice Williams,1960,https://www.youtube.com/watch?v=pOkeOz2Z_xk,c140834cb9785725705bc647c5fe91ae12b972ae8b54b34904d24301c70160cf,"""Stay"" by Maurice Williams and The Zodiacs",DEXO32234723
211,Open Your Eyes,Guano Apes,1997,https://www.youtube.com/watch?v=UNo2-viKfW8,36a869fbff9ca13f319df0f5690215fbc40a31bbc5dd80c46e40cebf8470646b,Guano Apes - Open Your Eyes (Official Video),DEC689700412
212,1979,The Smashing Pumpkins,1995,https://www.youtube.com/watch?v=4aeETEoNfOg,511ec0318cfb8372727af6f2a84b1df4a6fd82063f73523ecd2b8ae7a6a74b38,The Smashing Pumpkins - 1979 (Official Music Video),USVI29500052
213,Like a Stone,Audioslave,2002,https://www.youtube.com/watch?v=7QU1nvuxaMA,72de5a52e53812eb723aa731c441f6a63ce8e6cc39221108b4655eb7623615c7,Audioslave - Like a Stone (Official Video),USSM10211587
214,Radioactive,Kings of Leon,2010,https://www.youtube.com/watch?v=wPBbMbKSZrQ,cd2cb78ff47a2ab0d25ee8515be027e0bfcd96c205f3fffee16bc5b5fd471d9b,Kings Of Leon - Radioactive (Official Video),USRC11000673
215,Ocean Avenue,Yellowcard,2004,https://www.youtube.com/watch?v=X9fLbfzCqWw,706eb75f3e27ee92bac52764e7c04b70d38ff0bdfefce769aac66ccf60e6cdf9,Yellowcard - Ocean Avenue,USCA20300233
216,Man in the Box,Alice In Chains,1990,https://www.youtube.com/watch?v=TAqZb52sgpU,1093c98d565ddc2a4067095d2b0a51a6a5a5ca08e3daef7f6e25a947cf9a38d2,Alice In Chains - Man in the Box (Official Video),USSM19000727
217,Cherry Pie,Warrant,1990,https://www.youtube.com/watch?v=OjyZKfdwlng,24c407ee80e4d49a81d703dbe155c74f73cde63eefd0379d23fa5ec2d2bb79a3,Warrant - Cherry Pie (Official Video),USSM10006917
218,Higher,Creed,1999,https://www.youtube.com/watch?v=J16lInLZRms,61f5dd7280e6db72424e6bbb1f04f32bfcf91341bd0a53a81f3d9fe68782a827,Creed - Higher (Official HD Music Video),USWU39909053
219,Drive,Incubus,1999,https://www.youtube.com/watch?v=fgT9zGkiLig,e07c151a1162ca56bafaaa94c4e315f91ac866bc0f892f69378101205db62a51,Incubus - Drive,USSM19911007
220,"Another Brick In The Wall, Pt. 2",Pink Floyd,1979,https://www.youtube.com/watch?v=HrxX9TBj2zY,22b95918b299cb02ba063eca13e4ded764016d4e9f1fec445f81935550a66898,"Pink Floyd - Another Brick In The Wall, Part Two (Official Music Video)",GBN9Y1100099
221,"Girls, Girls, Girls",Mötley Crüe,1987,https://www.youtube.com/watch?v=d2XdmyBtCRQ,54f5d6769726b4d6efb09d5a8e61b7bf5647d391ddc4df21f8d42ddf4476a6a1,Mötley Crüe - Girls Girls Girls (Official Music Video),USBY29900190
222,Lonely Boy,The Black Keys,2011,https://www.youtube.com/watch?v=a_426RiwST8,45ea5c828af74716eb4fb8dd295bf633c5b8f0891aa468f97c28112bdf3c6dd5,The Black Keys - Lonely Boy [Official Music Video],USNO11100273
223,Fortunate Son,Creedence Clearwater Revival,1969,https://www.youtube.com/watch?v=ZWijx_AgPiA,06ee2d6393dacba661c12b97a92cd423982d0cc4e0db21b6e979f434065672cd,Creedence Clearwater Revival - Fortunate Son,USC4R0817618
224,Push,Matchbox Twenty,1996,https://www.youtube.com/watch?v=HAkHqYlqops,e942be0bb8229f23cf7c82f51c6ea425e6c5c081d696722ff89aa20821fe6481,Matchbox Twenty - Push (Official Video) [HD Remaster],USAT29600042
225,Mr. Brightside,The Killers,2003,https://www.youtube.com/watch?v=gGdGFtwCNBE,52cfefe18211a271e8d597fead1c6d92a939750b20f9c2ab0f30bdbea2ed686d,The Killers - Mr. Brightside (Official Music Video),USIR20400274
226,Free Fallin',Tom Petty,1989,https://www.youtube.com/watch?v=1lWJXDG2i0A,1ecbf5b88e0e73de273e7b339ee5ab75587744a08845e62890c2f748a6a9637b,Tom Petty - Free Fallin',USMC18925673
227,Come Together,The Beatles,1969,https://www.youtube.com/watch?v=45cYwDMibGo,804d218920e5682753696ba016357babebf2c3c8b9ab2363df50c989b4e99a0d,The Beatles - The Beatles - Come Together (Official Music Video) [Remastered 2015],GBAYE0601690
228,Dream On,Aerosmith,1973,https://www.youtube.com/watch?v=iJDtukGW79Y,03dcd275f3383686c698f787f59e429aee5f99b52c0d16d9e6c8fc181aef6fce,Aerosmith - Dream On (Official HD Video),USSM10011897
229,Army of the Night,Powerwolf,2015,https://www.youtube.com/watch?v=1zN7J64IeBo,47a0244d10b140227aa9415a2d0607fc799a946fd82094ea121d45ee58e13954,POWERWOLF - Army Of The Night (Official Video) | Napalm Records,ATN261558603
230,"Paint It, Black",The Rolling Stones,1966,https://www.youtube.com/watch?v=O4irXQhgMqg,af04eaa1c31f4c3805b34a3a225cb81d63a6a2950dd839bd4d852a6d8703daee,"The Rolling Stones - Paint It, Black (Official Lyric Video)",USA176610020
231,Everlong,Foo Fighters,1997,https://www.youtube.com/watch?v=eBG7P-K-r1Y,34f0653b1f7a7691611b2e57fcecb57056e52ebd23151b11028378fd602adfe3,Foo Fighters - Everlong (Official HD Video),USRW29600011
232,Tanzt du noch einmal mit mir?,Broilers,2011,https://www.youtube.com/watch?v=tMt5hl14yXs,b134198887627499ebcda94fb3eb690df9f531b030387331d4a81841ff8e78a2,Broilers - »Tanzt du noch einmal mit mir?« (Outback Session),GBDHC1122904
233,Run To You,Bryan Adams,1984,https://www.youtube.com/watch?v=nCBASt507WA,62c7b65d21c48e41bc05ccb663184cabb7c773182ca413fb3d967c2a1a4abdac,Bryan Adams - Run To You,USAM18490003
234,I Hate Everything About You,Three Days Grace,2003,https://www.youtube.com/watch?v=d8ekz_CSBVg,4808c94705179e783f06a24f3f13c3fdf37646baa673b8cdd0adeb952a6772d6,Three Days Grace - I Hate Everything About You (Official Video),USJI10300075
235,Separate Ways,Journey,1983,https://www.youtube.com/watch?v=LatorN4P9aA,3f01af057a35de0650b512686da121989e9a518df6af745500bc2197e2846036,Journey - Separate Ways (Worlds Apart) (Official HD Video - 1983),ITG270800246
236,Still into You,Paramore,2013,https://www.youtube.com/watch?v=S4o7vRDs3XE,7f0bd725f5ade64e411c821238129c6573413e05ed5410759e0319d1462e95be,Paramore - Still Into You (Official Music Video),USAT21300012
237,Sharp Dressed Man,ZZ Top,1983,https://www.youtube.com/watch?v=7wRHBLwpASw,a2cc2c0c453fab912c8e6a684648bec69f4a0a92c6fa9c8e7e44dae496a60f92,ZZ Top - Sharp Dressed Man (Official Music Video) [HD Remaster],USWB10901928
238,Barracuda,Heart,1977,https://www.youtube.com/watch?v=VdOkQ6THDVw,1e3124eab4cad25522e92c3e46d64c3ce71fa9f6cd7300d2b7153433ed0493bb,Heart - Barracuda (Audio),USSM10009075
239,Last Resort,Papa Roach,2000,https://www.youtube.com/watch?v=j0lSpNtjPM8,6c2f70c6a5a50b9341132f783df4a21e04a621668d743345feb4958d628bd136,Papa Roach - Last Resort (Squeaky Clean Version) (Official Music Video),USDW10021712
240,Born To Be Wild,Steppenwolf,1968,https://www.youtube.com/watch?v=J7A1pauduXU,f5d8a9fd691a9935f3962e33fc9b323035150caab4022ce021f22a99af4339ff,Steppenwolf - Born To Be Wild  (Official Music Video),USMC16846563
241,Buddy Holly,Weezer,1994,https://www.youtube.com/watch?v=SiJie3Z7DG8,0579f02c6d0342e448e4121cf1b25267cfca4f15debf2c0be54b8a0f0cbe464e,Weezer - Buddy Holly (2024 Remaster),USGF19562907
242,Your Betrayal,Bullet For My Valentine,2010,https://www.youtube.com/watch?v=IHgFJEJgUrg,cab365f10cb774d4e45d0efee2abc0043eb08df111c38ae026d1fcfd94d1121f,Bullet For My Valentine - Your Betrayal (Official Video),USJI11000030
243,She Sells Sanctuary,The Cult,1985,https://www.youtube.com/watch?v=tGGriaLbna0,47a482a74ac8b0e0ae3c2f147bef4633747309af24a197a4203436dd145b2a68,The Cult - She Sells Sanctuary HD/HQ,GBAZP9700076
244,Coming Undone,Korn,2005,https://www.youtube.com/watch?v=CSJXle3LP_Q,2e7313b7027b1b6e38968b42854309e515cf5804349f2d66514f56389f504e78,Korn - Coming Undone,USVI20500588
245,Jailhouse Rock,Elvis Presley,1957,https://www.youtube.com/watch?v=PpsUOOfb-vE,02242b58761eecaa7e201aefe62d48e2dd19cd3c0dae307f2ae401ec30cfb58a,Elvis Presley - Jailhouse Rock (Official Audio),USRC15705223
246,Break,Three Days Grace,2009,https://www.youtube.com/watch?v=_4VCpTZye10,60e8bb67d1ebda7e2ca3af5d44aad753ecef85f1da80b8706e202ddf9203c754,Three Days Grace - Break (Official Video),USJI10900480
247,Riptide,Beartooth,2023,https://www.youtube.com/watch?v=Zv3t0Fvgvik,e4ee8fb0f61da8b0cfd372cde7533c593f50c59a4304b906d260be9c70a2061a,Beartooth - Riptide (Official Music Video),USP6L2201114
248,Hey Joe,Jimi Hendrix,1966,https://www.youtube.com/watch?v=rXwMrBb2x1Q,f0adf49d8db470271ee584ca984962639a18bacbe8d422b79b7a5cd7ad51cb66,The Jimi Hendrix Experience - Hey Joe (Official Audio),USQX90900767
249,The Anthem,Good Charlotte,2002,https://www.youtube.com/watch?v=desJKYvdq9A,be7fafbe229f7ada4601d174fc9c09771c6908bacc3e3cb794bbd82514df125d,Good Charlotte - The Anthem (Official Video),USSM10209827
250,Entre dos tierras,Heroes Del Silencio,1990,https://www.youtube.com/watch?v=1H8wSL8x9bA,d5c9b52cf5d20403fd6a6c7c9b765baed916a2b6d47baedc16b79c5947647d4f,"Heroes Del Silencio ""Entre dos tierras"" (La2 - 1990)",ES5089000064
251,1985,Bowling For Soup,2004,https://www.youtube.com/watch?v=K38xNqZvBJI,4e267bfc901881c78e7f65bf3ea1c9c7c50f5c6a7496be97f19ca639767c5f6d,Bowling For Soup - 1985,USJI10400613
252,Mother,Danzig,1988,https://www.youtube.com/watch?v=KGXGt_Rf2h4,8e0199bb0ababbda55505e9b718a3e08e6bb46ab316d31260b56707a060babc8,Danzig   Mother,USSM18800169
253,Dark Matter,Pearl Jam,2024,https://www.youtube.com/watch?v=6Fx8LprPMIU,891dd5c881cf52a164eb73fc1513479a2bcd620d34ddab9944bd3504e7a22d21,Pearl Jam - Dark Matter (Official Visualizer),USUG12309749
254,Won’t Stand Down,Muse,2022,https://www.youtube.com/watch?v=d55ELY17CFM,d1e3253d219e98054f1c45f7ae7d0bc525d4a08c5235b8983c89273dd207b139,Muse - WON'T STAND DOWN (Official Video),GBAHT2102036
255,School's Out,Alice Cooper,1972,https://www.youtube.com/watch?v=2Oo8QzDHimQ,15390631e627a0123066d6ef90c5b4719573523ff16b138d143ceff7dc28bea5,Alice Cooper - School's Out (from Alice Cooper: Trashes The World),USWB19900782
256,My Own Summer (Shove It),Deftones,1997,https://www.youtube.com/watch?v=XOzs1FehYOA,1fe1fcc53348e0daaf13e3b724673c865688d4ca5716ec6047e4f42964b656b6,Deftones - My Own Summer (Official Music Video) [HD Remaster],USMV29700142
257,Trouble’s Coming,Royal Blood,2020,https://www.youtube.com/watch?v=uURsMKMloM8,a7c6bf3525ebfc5643842e7ae614c834ee3c1264c63e5278dc20c67503137515,Royal Blood - Trouble's Coming (Official Video),GBAHT2000193
258,Panama,Van Halen,1984,https://www.youtube.com/watch?v=fuKDBPw8wQA,48c2fcb7166713e522767fda352979facc1a8bb8d72b30ca9f78b3cc2682a937,Van Halen - Panama (Official Music Video),USWB18300002
259,All I Want,A Day To Remember,2010,https://www.youtube.com/watch?v=Pn-6eOxnEMI,c5547beae00e7d2853fe6bf6186b87e14e47ce63cc374e1a8642b99bf41f4859,A Day To Remember - All I Want,USVIC1060302
260,Walk This Way,Aerosmith,1975,https://www.youtube.com/watch?v=4c8O2n1Gfto,25233712509e00b4760af0e891642323fda4d412b27509692d7126b4730acc37,Aerosmith - Walk This Way (Audio),USSM19906481
261,Johnny B. Goode,Chuck Berry,1958,https://www.youtube.com/watch?v=Y-9Y4CCIWnM,20e6747d2c32126085ae2aab4de77393427258a51b4985fec9cdd21b0c605750,Johnny Be Goode,USMC15719963
262,Song 2,Blur,1997,https://www.youtube.com/watch?v=SSbBvKaM6sk,3f2b7ff3f51bb6b8f8385f661cc25567ed2a2e28bd7c61b5204aea9b463a4915,Blur - Song 2 (Official Music Video),GBAYE9600015
263,Stacy's Mom,Fountains Of Wayne,2003,https://www.youtube.com/watch?v=dZLfasMPOU4,fcfb0ab4bcf99fd2c6591bb9e43a3ad5d7625821ad1d4284ac1f1360436ded66,Fountains Of Wayne - Stacy's Mom (Official Music Video),USESC0300016
264,Rockstar,Nickelback,2005,https://www.youtube.com/watch?v=ta-v8foO8r0,def5dde293606305aa3b8a513db4afd3b977632da11942027eb0023d5d428b96,Nickelback ~ Rockstar ~ 2005 ~ Single Audio Video,NLA320581343
265,Raining Blood,Slayer,1986,https://www.youtube.com/watch?v=CkaE237oiwE,d47d69d5de9572fa116c871c0a7a34804b93a06e3f327f3091d192ad6e12cb8c,Raining Blood,USSM18600241
266,Monster,Skillet,2009,https://www.youtube.com/watch?v=1mjlM_RnsVE,e27d06f3be711eae189b9303c4a584790b2de0114bbb6e14e36c1e819d0223fb,Skillet - Monster (Official Video),USAT20901851
267,Dirty Little Secret,The All-American Rejects,2005,https://www.youtube.com/watch?v=gPDcwjJ8pLg,a05b18b919a8dde08264249b0116ec604b10cea7ff7607112a3a2bb43ada230a,The All-American Rejects - Dirty Little Secret (Official Music Video),USDW10500128
268,Just Pretend,Bad Omens,2022,https://www.youtube.com/watch?v=GLRFl26Q92s,7491504d444e8e73638daed95fc0ce7040dfda4ef35c33de2418b19d61ec9c60,BAD OMENS - Just Pretend (Official Music Video),USYFZ2264208
269,All Right Now,Free,1970,https://www.youtube.com/watch?v=5wiF6b4rxno,4c0663b2a8a093d878a5a5b9f7aa316e4a3bae766524a32963f7f00968aff00c,Free - All Right Now,GBAAN7000001
270,Baba O'Riley,The Who,1971,https://www.youtube.com/watch?v=QRTNm6GLJYI,bb073780f99735eabbafe7ee9877acf870d233144c52759b92d697379d813fc9,The Who - Baba O'Riley (Lyric Video),GBAKW7100001
271,Na Na Na (Na Na Na Na Na Na Na Na Na),My Chemical Romance,2010,https://www.youtube.com/watch?v=4fZ4PyMQ9rU,11e3eef78fca72238308c44c318e63ec26d37b0c52a1472478f9df013ec3666a,Na Na Na (Na Na Na Na Na Na Na Na Na),USRE11000909
272,Rock You Like A Hurricane,Scorpions,1984,https://www.youtube.com/watch?v=6yP1tcy9a10,b3c005ba911fcd90d41451aea445f7bb36fbc31e3327494e5f02573d0fda66b9,Scorpions - Rock You Like A Hurricane (Official Music Video),DEC371300042
273,Cold as Ice,Foreigner,1977,https://www.youtube.com/watch?v=ySb1f9zWJkQ,1e900906d57139a3b6e250f42f7b8991a1d97408a2dd9412a09c6e27e3fb8bb4,Foreigner - Cold As Ice (Official Music Video),USAT29900657
274,Money - 2023 Remaster,Pink Floyd,1973,https://www.youtube.com/watch?v=-0kcet4aPpQ,2ce1fae22a6ed15cb037c32d8da9db66c43968c6e4f838ce953729fcf5a4380c,Pink Floyd - Money (Official Music Video),GBN9Y2200020
275,White Wedding,Billy Idol,1982,https://www.youtube.com/watch?v=AAZQaYKZMTI,82ade2fbca76e6d9aa377130ab913bf113f4bbe9c9fc4be844015fad5b643650,Billy Idol - White Wedding Pt 1,USNPD1227957
276,Renegade,Styx,1978,https://www.youtube.com/watch?v=E9eLz4DrwF8,9cdc93312149f09bd6562b0616d51424dd99abcafeacf3dc8515137dc0d8b0be,Renegade,USAM17800365
277,The Pretender,Foo Fighters,2007,https://www.youtube.com/watch?v=SBjQ9tuuTJQ,25ba943b380084f279718467613adb78d550cbd130672b944cdf871672648ffd,Foo Fighters - The Pretender,USRW30700007
278,Be Bop a Lula,Gene Vincent,1956,https://www.youtube.com/watch?v=lpitKOk5TSc,48e58455de1654e88fdb0c512487d63c7e92c923de8e2293117193148a9589ec,Be bop a lula,FR8V60700068
279,Roxanne,The Police,1978,https://www.youtube.com/watch?v=3T1c7GkzRQQ,99eef416ef59f412ad97cb401c1c879666472773c141754b00c7c07b8b712b42,The Police - Roxanne (Official Music Video),GBAAM0201086
280,Hold the Line,TOTO,1978,https://www.youtube.com/watch?v=htgr3pvBr-I,615489baf7efce7f3e9f5a0e07874a292b7880ff2ea7a785dc99107da070639b,Toto - Hold The Line (Official Video),USSM17800444
281,The Boys Are Back In Town,Thin Lizzy,1976,https://www.youtube.com/watch?v=wIE5wwvicew,6fc38fa038c7c948639b42530882638c20f7d9405bcb42ef1a1fac82b7c49199,Thin Lizzy - The Boys Are Back In Town (Official Lyric Video),GBF087600063
282,LosT,Bring Me The Horizon,2023,https://www.youtube.com/watch?v=L6tHMDaGgho,17c586b3bc789062863a055e9f0b425cc738b85b50a9cf631da6ca35ff56a3fa,Bring Me The Horizon - LosT (Lyric Video),GBARL2202050
283,CMFT Must Be Stopped (feat. Tech N9ne and Kid Bookie),Corey Taylor,2020,https://www.youtube.com/watch?v=BEPI69cx22E,ca28217c0158084c8000ed1bfdfb1627eb2159107971ce163491522af2f58e63,Corey Taylor - CMFT Must Be Stopped (feat. Tech N9ne & Kid Bookie) [OFFICIAL VIDEO],NLA322000271
284,(Don't Fear) The Reaper,Blue Öyster Cult,1976,https://www.youtube.com/watch?v=Dy4HA3vUv2c,f6b004c37de590e2b49c13fa1c5f99470b55c7f6010134ec78ccb5a4841bb9a5,Blue Oyster Cult - (Don't Fear) The Reaper (Official Audio),USSM17600477
285,The Vengeful One,Disturbed,2015,https://www.youtube.com/watch?v=8nW-IPrzM1g,1d0a40d4174ed9b4dcd30b85a808d6a7c05096cf7bcf252e0f17f751047b422f,Disturbed - The Vengeful One (Official Music Video) [4K UPGRADE],USRE11500172
286,Don't Stop Believin',Journey,1981,https://www.youtube.com/watch?v=VcjzHMhBtf0,4f6636254ce0cdda6b18ede1be78e87759ed9a19d5e9a34bd5542b29820c30ab,Journey - Don't Stop Believin' (Escape Tour 1981: Live In Houston),USSM18100116
287,Everybody Talks,Neon Trees,2011,https://www.youtube.com/watch?v=ulNS48wPZ4Q,94dd8e31ee434bb25fcbabd5b3c133d57f8329d42243802154744a141a090f44,Neon Trees - Everybody Talks (Lyrics) | It started with a whisper,USUM71119189
288,Just A Girl,No Doubt,1995,https://www.youtube.com/watch?v=PHzOOQfhPFg,f6e09b3f5afa2e81fc539e644a4064308eee3fdb43b1b2935821813c72739e8c,No Doubt - Just A Girl,USIR19500272
289,Tom Sawyer,Rush,1981,https://www.youtube.com/watch?v=Gztabfs5ngA,92c583e4c2e0aba0c21fbfaf9afad4ae4f994d4b3912c058ed9d7d11a2efb62f,Tom Sawyer - Rush (HD Remaster by Platinum Productions),USMR18180103
290,Planet Zero,Shinedown,2022,https://www.youtube.com/watch?v=IipnUpoW-58,af0ea83a177d5718860230ab14c24afe2bb2d0e7bea3bfc034f28cb731b3d65d,Shinedown - Planet Zero (Official Video),USAT22108481
291,If Tomorrow Never Comes,Wage War,2021,https://www.youtube.com/watch?v=qV_yJgqT2aY,3b3c10c5f42f0be6b51bff4efd4dd9186c6a2c7ab610fb5e269b1583a9bff0c2,11 Wage War - If Tomorrow Never Comes,US5262124230
292,Dark Side,Blind Channel,2021,https://www.youtube.com/watch?v=JXEK-fc3_BU,2a28c097a8d3270702e08e12bb2823e22add1767c4eeb2866fc7d693ea6738c3,Blind Channel - Dark Side (Lyric Video) // UMK21,FIRAN2100001
293,Absolute Zero,Stone Sour,2012,https://www.youtube.com/watch?v=j98jxCqh1IA,25117b395e7772a92513c397c8fa42daf31610fd2dbf5fe18dae5efa14df293e,Stone Sour - Absolute Zero (Germany 2012 Musicvideo - fan art),NLA321292440
294,Could Have Been Me,The Struts,2014,https://www.youtube.com/watch?v=ARhk9K_mviE,945bd8eebfc70e3f601edb0daa742421a63ec4b1514bfe1454f1ae90b26df6f9,The Struts - Could Have Been Me,GBUM71304611
295,White Rabbit,Jefferson Airplane,1967,https://www.youtube.com/watch?v=pnJM_jC7j_4,c0108513fe64ef177e18768f540986ea178898650e50b4a5406cd9ba6246a9b7,Jefferson Airplane - White Rabbit (Official Audio),USRC10301017
296,Nightmare,Avenged Sevenfold,2010,https://www.youtube.com/watch?v=EEGAeVEy5T4,2a5adfbb37ffb900594647ab54d67ceca6b96b4b5d6e7e5d401b071c5e3cb40e,Avenged Sevenfold - Nightmare (Live From Hollywood),USWB11001149
297,Bohemian Rhapsody,Queen,1975,https://www.youtube.com/watch?v=fJ9rUzIMcZQ,d0a3355898f0c40b637de792416161967e71d3c774fba2959df274808cffc0de,Queen – Bohemian Rhapsody (Official Video Remastered),GBUM71029604
298,Dancing With Myself,Billy Idol,1980,https://www.youtube.com/watch?v=FG1NrQYXjLU,b585d6804d26afc8546824471b4da5548bc12ceca7e849f49cc585cdba4635c0,Billy Idol - Dancing With Myself,USNPD1217889
299,Duality,Slipknot,2004,https://www.youtube.com/watch?v=L67svuppHcc,c32dbb8f91afe55b6df2a2481aa69bd10a31b9704fce1fee874a8f2e04b66220,"""Duality"" Slipknot 2004",NLA320420785
300,Bark at the Moon,Ozzy Osbourne,1983,https://www.youtube.com/watch?v=LplPi2CxNHI,6ec329b47bdb9375a1f449a03798074fe32035fc0ff791635992c25a0cf180f1,Ozzy Osbourne - Bark at the Moon (Official Music Video),USSM18300021
301,Bite Me,Avril Lavigne,2021,https://www.youtube.com/watch?v=ciqUEV9F0OY,22d7f33005cd3fa355e6e4f43acdd903e64ee17a8717411f45652a05d61512db,Avril Lavigne - Bite Me (Official Video),USAT22107181
302,Immigrant Song - Remaster,Led Zeppelin,1970,https://www.youtube.com/watch?v=RlNhD0oS5pk,7aa67a0bff06ba6f2fccc471849c64eab225132094c33cfc21a0e905dbd6a220,Led Zeppelin - Immigrant Song (Live 1972) (Official Video),USAT21300934
303,House of the Rising Sun,The Animals,1964,https://www.youtube.com/watch?v=2JUO8oKzups,1bf7d92e2a69ea115f1cea096068b792f716bbe4fc62fa48565799eb4106435b,The Animals   House of the Rising Sun 1964 Offical Music Video,GBAYE6400209
304,London Calling,The Clash,1979,https://www.youtube.com/watch?v=EfK-WX2pa8c,d83791298af14fead08e4a5b58e6fe047e7bd9aafd666f8b4d277fedf4f8c1c3,The Clash - London Calling (Official Video),GBBBN7902002
305,Fox On The Run,Sweet,1974,https://www.youtube.com/watch?v=eE9tV1WGTgE,9d40e199b853189adf33a7fa785be98560b6f5bea24cab087e3b3d04f4ef16ee,Lenka - Everything At Once (Official Video),USA371080587
306,I Wanna Be Sedated,Ramones,1978,https://www.youtube.com/watch?v=bm51ihfi1p4,b8a045e1d6e763fe4ae0a14057e768c40e1076364870addcd4bbeb86e516990b,Ramones - I Wanna Be Sedated (Official Music Video),USRH11802019
307,Highway Star,Deep Purple,1972,https://www.youtube.com/watch?v=AqEW53Ui2no,f96250e17532c9d2ab0b69353b750a6f1c51adcd78b55e3f57503060482d26e6,Deep Purple - Highway Star (Official Video),GBDXG0600146
308,Figure It Out,Royal Blood,2014,https://www.youtube.com/watch?v=jhgVu2lsi_k,504f987641badd6e5336e1a698da8a0056e36a27d3df163ad27b6d05f2d9950e,Royal Blood - Figure It Out (Official Video),GBAHT1400222
